{"balansprivewerk":{"balans":4.46949651095347},"carrierewaarden":{"opbrengsten":{"financiele_beloning":4.072943277348726,"waardering_en_erkenning":2.932094119133255,"concrete_resultaten":5.582656009413056,"zinvolle_bijdrage":7.205868634454951,"carriere":3.6450532535479043,"kwaliteit":6.384697401953362,"scores":{"latent":null}},"activiteiten":{"creatief_denken":4.210802188892224,"beinvloeden":3.76182681232049,"ondernemen":2.6272524675997526,"hulp_verlenen":7.255865392005492,"analyseren":4.399453915614901,"ontwikkelen":4.795495412098715,"fysiek_actief_zijn":7.630391376163471,"scores":{"latent":null}},"omgeving":{"autonomie":4.670374804407575,"zekerheid_en_stabiliteit":8.12086523674572,"taakuitdaging":2.5914247706225186,"samenwerking":3.7235808439923757,"aandacht":1.281059931601769,"hectiek":5.407238930391233,"scores":{"latent":null}}},"factoren":{"realistisch":3.2125974919149627,"intellectueel":3.4348501512402208,"ict":3.205366677405778,"artistiek":4.82487422117231,"sociaal":6.722932852491642,"ondernemend":3.559180741925591,"conventioneel":2.9032386185130594},"sectoren":{"administratie_raw":3.112855032773727,"advieseninformatie_raw":2.150689339202911,"agrarischeondersteuning_raw":3.5991260774641614,"beheer_raw":1.837046493395476,"bouw_raw":2.5232059874952113,"commercieledienstverlening_raw":2.376165217243917,"communicatie_raw":4.081756773227615,"cultuur_raw":5.287252698472806,"delfstofwinning_raw":2.581608656042086,"dieren_raw":4.7221223094614455,"elektrotechniek_raw":2.048082728125121,"gezondheidszorg_raw":7.113879530660679,"glasaardewerkkeramiek_raw":4.607901601192679,"grafischetechniek_raw":4.143255747441966,"handel_raw":4.568017316696171,"horeca_raw":4.610850854030976,"houtmeubileringstechniek_raw":3.7363379144968603,"huishouding_raw":4.391486852966648,"industrielereiniging_raw":2.3465552787773727,"installatietechniek_raw":1.5531938340526066,"magazijnopslagbezorging_raw":2.954797382119084,"media_raw":5.182020256857267,"metaal_raw":2.372290771237685,"milieu_raw":3.9782266890051856,"onderwijs_raw":5.140723373017695,"ontwerpenontwikkeling_raw":1.9244921176578624,"openbaarbestuur_raw":3.651223240447406,"organisatieenadvies_raw":5.363622444469375,"personeelarbeidloopbaan_raw":4.457397056426439,"persoonlijkeverzorging_raw":6.061252065053376,"planningproductiebegeleiding_raw":4.3890901592266465,"planten_raw":4.337191904351521,"procestechniek_raw":1.9022535075728622,"rechtspraak_raw":4.919687972092415,"recreatie_raw":4.531940052504231,"schoonmaak_raw":3.443027530545109,"sportontspanning_raw":4.436285802781534,"textielmode_raw":5.207807395688035,"toerisme_raw":5.433305340399634,"veiligheid_raw":3.524442262450088,"vervoer_raw":2.747586541136537,"visserij_raw":2.84794022322441,"welzijn_raw":7.465482964534482,"wetenschap_raw":2.569089207617702},"taken":{"creatiefzijn_raw":4.147050571381215,"strategischdenken_raw":2.4446612434263515,"assisteren_raw":3.779470089160733,"mensenbegeleiden_raw":4.225964616174846,"metcomputerswerken_raw":2.1630232185726466,"rekenen_raw":1.4052560108302932,"schrijven_raw":2.7564573476539134,"werkzaamhedenplannen_raw":2.8421352879329134,"metmachineswerken_raw":0.9614234338431332,"contactonderhouden_raw":4.0588430515004195,"informatieverzamelen_raw":2.6430993787721744,"administratievetaken_raw":2.14217224607192,"voertuigenbesturen_raw":1.6424252835873963,"conflictenoplossen_raw":3.234703069834036,"machinesrepareren_raw":1.085316039287063,"inroosteren_raw":2.419050327418772,"projectenopzetten_raw":2.29769920398998,"metcollegasoverleggen_raw":3.290960844760869,"metelektronischeapparatenwerken_raw":1.234684987092903,"elektronischeapparatierepareren_raw":0.7975226047860489,"analyseren_raw":1.6456489614988676,"teplannen_raw":2.3276568808128983,"fysiekinspannen_raw":2.6750474423019686,"organiseren_raw":2.6721907337384487,"mensenovertuigen_raw":2.505126277855345,"leidinggeven_raw":2.160350125190471,"lesgeven_raw":2.5107486564989756,"motiveren_raw":3.3633548869687755,"cursussentrainingengeven_raw":2.3089530311011552,"grotemachinesbedienen_raw":1.0441036528132515,"onderhandelen_raw":1.4821977521511283,"mensenbeinvloeden_raw":2.4759655955340403,"lezen_raw":3.0646634095701604,"mensenadviseren_raw":3.0910760771347574,"methandenwerken_raw":3.1194860727633515,"klantenhelpen_raw":2.8376211028696203,"middelenvoorwerpenbeheren_raw":1.579202266729015},"factors":{"invloed":{"status":3.311986679555965,"dominantie":4.338374043483458,"competitie":1.563074620298448,"zelfvertoon":1.5960687162284537,"scores":{"latent":2.205492584419028}},"sociabiliteit":{"contactbehoefte":2.563335460311205,"sociaal_ontspannen":4.668871644639225,"zelfonthulling":1.5659612198157058,"vertrouwen":4.689553535987166,"hartelijkheid":5.699901636333619,"zorgzaamheid":8.40198379253238,"scores":{"latent":4.177565556433657}},"gedrevenheid":{"energie":5.486866715190785,"zelfontwikkeling":4.585098854973861,"volharding":8.288046957671469,"vernieuwing":3.805489115237844,"originaliteit":5.303248114081325,"onafhankelijkheid":6.097639993429633,"scores":{"latent":5.656119255544736}},"structuur":{"ordelijkheid":8.79021544392405,"nauwkeurigheid":8.572114977039204,"regelmaat":7.282241127796321,"conformisme":5.90960140164787,"weloverwogen":10.036824082125301,"scores":{"latent":9.206586388048699}},"stabiliteit":{"zelfvertrouwen":7.5229217086642155,"positivisme":5.217666233727089,"frustratietolerantie":7.150377328664266,"incasseringsvermogen":6.107848004325653,"scores":{"latent":6.712430566451684}}},"competenties":{"persoonlijkegerichtheid":{"initiatief":23,"besluitvaardigheid":35,"flexibiliteit":29,"stressbestendigheid":67,"ambitie":21,"zelfstandigheid":74,"doorzettingsvermogen":64,"resultaatgerichtheid":33,"leerbereidheid":40,"inzet":58,"nauwkeurigheid":96},"organisatiegerichtheid":{"organisatiesensitiviteit":67,"klantorientatie":65,"kwaliteitsgerichtheid":99,"ondernemerschap":32},"beinvloedendvermogen":{"overtuigingskracht":37,"aansturenvangroepen":48,"aansturenvanindividuen":46,"coachenvanmedewerkers":61,"onderhandelen":57},"organisatievermogen":{"plannenenorganiseren":84,"delegeren":35,"voortgangscontrole":75},"relationeelvermogen":{"sensitiviteit":65,"samenwerking":44,"optreden":24,"relatiebeheer":31,"sociabiliteit":54,"assertiviteit":44}},"rollen":["s","pmin","amin","i"],"schalen":{"invloed":{"status":3.311986679555965,"dominantie":4.338374043483458,"competitie":1.563074620298448,"zelfvertoon":1.5960687162284537,"scores":{"latent":2.205492584419028}},"sociabiliteit":{"contactbehoefte":2.563335460311205,"sociaal_ontspannen":4.668871644639225,"zelfonthulling":1.5659612198157058,"vertrouwen":4.689553535987166,"hartelijkheid":5.699901636333619,"zorgzaamheid":8.40198379253238,"scores":{"latent":4.177565556433657}},"gedrevenheid":{"energie":5.486866715190785,"zelfontwikkeling":4.585098854973861,"volharding":8.288046957671469,"vernieuwing":3.805489115237844,"originaliteit":5.303248114081325,"onafhankelijkheid":6.097639993429633,"scores":{"latent":5.656119255544736}},"structuur":{"ordelijkheid":8.79021544392405,"nauwkeurigheid":8.572114977039204,"regelmaat":7.282241127796321,"conformisme":5.90960140164787,"weloverwogen":10.036824082125301,"scores":{"latent":9.206586388048699}},"stabiliteit":{"zelfvertrouwen":7.5229217086642155,"positivisme":5.217666233727089,"frustratietolerantie":7.150377328664266,"incasseringsvermogen":6.107848004325653,"scores":{"latent":6.712430566451684}}}}
